Date,USCPI,MXCPI,MXNUSD,MXREER,SR464,SR465,SR1501,SR1503
Jan 1979,68.5,0.042237000000,0.0227,,,,,
Feb 1979,69.2,0.042845000000,0.0227,,,,,
Mar 1979,69.9,0.043426000000,0.0227,,,,,
Apr 1979,70.6,0.043815000000,0.0228,,,,,
May 1979,71.4,0.044389000000,0.0228,,,,,
Jun 1979,72.2,0.044881000000,0.0228,,,,,
Jul 1979,73,0.045425000000,0.0228,,,,,
Aug 1979,73.7,0.046112000000,0.0228,,,,,
Sep 1979,74.4,0.046678000000,0.0228,,,,,
Oct 1979,75.2,0.047493000000,0.0228,,,,,
Nov 1979,76,0.048104000000,0.0227,,,,,
Dec 1979,76.9,0.048956000000,0.0228,,,,,
Jan 1980,78,0.051342000000,0.0228,,,,,
Feb 1980,79,0.052529000000,0.0228,,,,,
Mar 1980,80.1,0.053610000000,0.0228,,,,,
Apr 1980,80.9,0.054547000000,0.0228,,,,,
May 1980,81.7,0.055437000000,0.0229,,,,,
Jun 1980,82.5,0.056536000000,0.0229,,,,,
Jul 1980,82.6,0.058115000000,0.0230,,,,,
Aug 1980,83.2,0.059319000000,0.0230,,,,,
Sep 1980,83.9,0.059978000000,0.0230,,,,,
Oct 1980,84.7,0.060886000000,0.0230,,,,,
Nov 1980,85.6,0.061942000000,0.0231,,,,,
Dec 1980,86.4,0.063567000000,0.0232,,,,,
Jan 1981,87.2,0.065615000000,0.0233,,,,,
Feb 1981,88,0.067227000000,0.0235,,,,,
Mar 1981,88.6,0.068665000000,0.0236,,,,,
Apr 1981,89.1,0.070213000000,0.0239,,,,,
May 1981,89.7,0.071275000000,0.0241,,,,,
Jun 1981,90.5,0.072271000000,0.0243,,,,,
Jul 1981,91.5,0.073544000000,0.0245,,,,,
Aug 1981,92.2,0.075060000000,0.0247,,,,,
Sep 1981,93.1,0.076456000000,0.0250,,,,,
Oct 1981,93.4,0.078153000000,0.0253,,,,,
Nov 1981,93.8,0.079657000000,0.0256,,,,,
Dec 1981,94.1,0.081801000000,0.0260,,,,,
Jan 1982,94.4,0.085866000000,0.0264,,,,,
Feb 1982,94.7,0.089240000000,0.0322,,,,,
Mar 1982,94.7,0.092499000000,0.0455,,,,,
Apr 1982,95,0.097512000000,0.0457,,,,,
May 1982,95.9,0.102993000000,0.0465,,,,,
Jun 1982,97,0.107954000000,0.0473,,,,,
Jul 1982,97.5,0.113517000000,0.0482,,,,,
Aug 1982,97.7,0.126256000000,0.0695,,,,,
Sep 1982,97.7,0.132995000000,0.0700,,,,,
Oct 1982,98.1,0.139890000000,0.0700,,,,,
Nov 1982,98,0.146963000000,0.0700,,,,,
Dec 1982,97.7,0.162656000000,0.0805,,,,,
Jan 1983,97.9,0.180355000000,0.0966,,,,,
Feb 1983,98,0.190034000000,0.1024,,,,,
Mar 1983,98.1,0.199232000000,0.1062,,,,,
Apr 1983,98.8,0.211846000000,0.1102,,,,,
May 1983,99.2,0.221034000000,0.1142,,,,,
Jun 1983,99.4,0.229404000000,0.1181,,,,,
Jul 1983,99.8,0.240746000000,0.1221,,,,,
Aug 1983,100.1,0.250091000000,0.1261,,,,,
Sep 1983,100.4,0.257787000000,0.1301,,,,,
Oct 1983,100.8,0.266341000000,0.1341,,,,,
Nov 1983,101.1,0.281983000000,0.1380,,,,,
Dec 1983,101.4,0.294047000000,0.1420,,,,,
Jan 1984,102.1,0.312728000000,0.1460,,,,,
Feb 1984,102.6,0.329232000000,0.1499,,,,,
Mar 1984,102.9,0.343304000000,0.1538,,,,,
Apr 1984,103.3,0.358156000000,0.1578,,,,,
May 1984,103.5,0.370032000000,0.1617,,,,,
Jun 1984,103.7,0.383423000000,0.1657,,,,,
Jul 1984,104.1,0.395993000000,0.1697,,,,,
Aug 1984,104.4,0.407249000000,0.1737,,,,,
Sep 1984,104.7,0.419380000000,0.1777,,,,,
Oct 1984,105.1,0.434034000000,0.1816,,,,,
Nov 1984,105.3,0.448929000000,0.1856,,,,,
Dec 1984,105.5,0.467996000000,0.1900,,,,,
Jan 1985,105.7,0.502711000000,0.1953,,,,,
Feb 1985,106.3,0.523596000000,0.2003,,,,,
Mar 1985,106.8,0.543885000000,0.2058,,,,,
Apr 1985,107,0.560621000000,0.2122,,,,,
May 1985,107.2,0.573902000000,0.2186,,,,,
Jun 1985,107.5,0.588276000000,0.2250,,,,,
Jul 1985,107.7,0.608763000000,0.2418,,,,,
Aug 1985,107.9,0.635377000000,0.2853,,,,,
Sep 1985,108.1,0.660752000000,0.2972,,,,,
Oct 1985,108.5,0.685852000000,0.3120,,,,,
Nov 1985,109,0.717495000000,0.3289,,,,,
Dec 1985,109.5,0.766340000000,0.3549,,,,,
Jan 1986,109.9,0.834092000000,0.3858,,,,,
Feb 1986,109.7,0.871174000000,0.4180,,,,,
Mar 1986,109.1,0.911667000000,0.4565,,,,,
Apr 1986,108.7,0.959263000000,0.4873,,,,,
May 1986,109,1.012570000000,0.5175,,,,,
Jun 1986,109.4,1.077567000000,0.5537,,,,,
Jul 1986,109.5,1.131333000000,0.5989,,,,,
Aug 1986,109.6,1.221531000000,0.6608,,,,,
Sep 1986,110,1.294812000000,0.7202,,,,,
Oct 1986,110.2,1.368824000000,0.7761,,,,,
Nov 1986,110.4,1.461304000000,0.8306,,,,,
Dec 1986,110.8,1.576735000000,0.8898,,,,,
Jan 1987,111.4,1.704401000000,0.9508,,,,,
Feb 1987,111.8,1.827386000000,1.0170,,,,,
Mar 1987,112.2,1.948153000000,1.0877,,,,,
Apr 1987,112.7,2.118606000000,1.1569,,,,,
May 1987,113,2.278325000000,1.2306,,,,,
Jun 1987,113.5,2.443146000000,1.3113,,,,,
Jul 1987,113.8,2.641022000000,1.3844,,,,,
Aug 1987,114.3,2.856872000000,1.4542,,,,,
Sep 1987,114.7,3.045081000000,1.5291,,,,,
Oct 1987,115,3.298845000000,1.6053,,,,,
Nov 1987,115.4,3.560511000000,1.6979,,,,,
Dec 1987,115.6,4.086392000000,2.0074,,,,,
Jan 1988,116,4.718246000000,2.2124,,,,,
Feb 1988,116.2,5.111783000000,2.2479,,,,,
Mar 1988,116.5,5.373547000000,2.2809,,,,,
Apr 1988,117.2,5.538941000000,2.2810,,,,,
May 1988,117.5,5.646109000000,2.2810,,,,,
Jun 1988,118,5.761292000000,2.2810,,,,,
Jul 1988,118.5,5.857457000000,2.2810,,,,,
Aug 1988,119,5.911343000000,2.2810,,,,,
Sep 1988,119.5,5.945139000000,2.2810,,,,,
Oct 1988,119.9,5.990486000000,2.2810,,,,,
Nov 1988,120.3,6.070654000000,2.2810,,,,,
Dec 1988,120.7,6.197316000000,2.2810,,,,,
Jan 1989,121.2,6.349024000000,2.2954,,,,,
Feb 1989,121.6,6.435184000000,2.3249,,,,,
Mar 1989,122.2,6.504945000000,2.3547,,,,,
Apr 1989,123.1,6.602224000000,2.3851,,,,,
May 1989,123.7,6.693099000000,2.4155,,,,,
Jun 1989,124.1,6.774385000000,2.4459,,,,,
Jul 1989,124.5,6.842148000000,2.4765,,,,,
Aug 1989,124.5,6.907333000000,2.5074,,,,,
Sep 1989,124.8,6.973393000000,2.5380,,,,,
Oct 1989,125.4,7.076525000000,2.5685,,,,,
Nov 1989,125.9,7.175855000000,2.5991,,,,,
Dec 1989,126.3,7.418030000000,2.6298,,,,,
Jan 1990,127.5,7.776037000000,2.6604,99.5880,95.8923,100.8826,94.5894,90.1217
Feb 1990,128,7.952120000000,2.6900,99.1407,96.8581,101.2055,95.6425,92.1625
Mar 1990,128.6,8.092310000000,2.7195,97.9166,97.9590,102.9570,96.6892,93.7872
Apr 1990,128.9,8.215472000000,2.7502,98.1292,98.7693,103.1826,97.7804,95.2146
May 1990,129.1,8.358838000000,2.7804,99.1225,99.2782,102.0221,98.8541,96.8762
Jun 1990,129.9,8.542939000000,2.8074,97.8908,99.6653,102.4591,99.8141,99.0099
Jul 1990,130.5,8.698735000000,2.8317,98.7806,99.9743,100.8925,100.6805,100.8155
Aug 1990,131.6,8.846950000000,2.8565,100.5097,100.8062,99.1680,101.5612,102.5333
Sep 1990,132.5,8.973061000000,2.8810,101.6499,101.7551,98.4245,102.4319,103.9948
Oct 1990,133.4,9.102060000000,2.9054,104.2062,102.6528,96.2930,103.2991,105.4899
Nov 1990,133.7,9.343723000000,2.9278,103.3488,103.0691,95.6964,104.0959,108.2907
Dec 1990,134.2,9.638214000000,2.9409,99.7171,103.3203,96.8168,104.5616,111.7037
Jan 1991,134.7,9.883880000000,2.9532,97.9159,104.2457,97.4140,104.9979,114.5509
Feb 1991,134.8,10.056425000000,2.9650,97.8073,104.9456,96.8780,105.4182,116.5507
Mar 1991,134.8,10.199840000000,2.9769,93.5347,105.4655,100.7765,105.8416,118.2128
Apr 1991,135.1,10.306688000000,2.9890,91.4418,106.2659,103.2065,106.2704,119.4511
May 1991,135.6,10.407442000000,3.0012,90.8643,106.8927,103.8860,106.7045,120.6188
Jun 1991,136,10.516648000000,3.0134,88.8185,107.2866,105.9919,107.1393,121.8845
Jul 1991,136.2,10.609584000000,3.0256,88.4219,107.6456,106.3165,107.5713,122.9616
Aug 1991,136.6,10.683423000000,3.0380,89.2298,108.1531,105.5498,108.0133,123.8174
Sep 1991,137,10.789850000000,3.0502,90.5193,108.7319,103.9871,108.4481,125.0508
Oct 1991,137.2,10.915343000000,3.0624,90.6981,109.4521,103.6816,108.8797,126.5052
Nov 1991,137.8,11.186374000000,3.0698,90.2030,109.9385,102.4237,109.1450,129.6464
Dec 1991,138.2,11.449680000000,3.0700,89.4401,110.1573,101.1292,109.1524,132.6980
Jan 1992,138.3,11.657778000000,3.0685,88.3777,110.7350,100.9958,109.0970,135.1098
Feb 1992,138.6,11.795900000000,3.0636,86.2608,111.3663,102.6815,108.9256,136.7106
Mar 1992,139.1,11.915948000000,3.0664,84.4599,112.1558,104.6459,109.0223,138.1019
Apr 1992,139.4,12.022171000000,3.0680,84.4496,112.9028,104.4794,109.0810,139.3330
May 1992,139.7,12.101438000000,3.0980,85.8513,113.1949,103.3656,110.1455,140.2517
Jun 1992,140.1,12.183345000000,3.1185,87.3854,113.5663,101.8687,110.8768,141.2010
Jul 1992,140.5,12.260272000000,3.1165,88.6282,113.6402,99.8109,110.8060,142.0925
Aug 1992,140.8,12.335592000000,3.0913,88.2803,114.0365,99.1316,109.9076,142.9655
Sep 1992,141.1,12.442897000000,3.0862,87.4580,114.6872,99.6023,109.7284,144.2091
Oct 1992,141.7,12.532494000000,3.1185,86.2347,115.0974,101.7052,110.8772,145.2475
Nov 1992,142.1,12.636620000000,3.1198,83.0397,115.3755,105.0449,110.9205,146.4543
Dec 1992,142.3,12.816553000000,3.1182,81.6362,115.6187,105.5186,110.8644,148.5397
Jan 1993,142.8,12.977320000000,3.1100,79.9239,116.3545,106.8397,110.5739,150.4029
Feb 1993,143.1,13.083345000000,3.0989,78.9370,117.0207,107.5281,110.1792,151.6317
Mar 1993,143.3,13.159594000000,3.1083,75.0528,117.7192,113.4520,110.5134,152.5154
Apr 1993,143.8,13.235480000000,3.0955,73.4863,118.5045,115.4970,110.0583,153.3949
May 1993,144.2,13.311137000000,3.1227,74.1314,118.9265,115.2505,111.0254,154.2717
Jun 1993,144.3,13.385797000000,3.1213,73.3886,119.2175,115.9989,110.9756,155.1370
Jul 1993,144.5,13.450123000000,3.1236,72.0550,119.5242,117.9701,111.0574,155.8825
Aug 1993,144.8,13.522112000000,3.1126,71.8167,119.9943,117.7781,110.6663,156.7169
Sep 1993,145,13.622261000000,3.1127,72.3752,120.5475,116.5488,110.6699,157.8775
Oct 1993,145.6,13.677973000000,3.1142,71.6809,121.0261,117.7203,110.7232,158.5232
Nov 1993,146,13.738302000000,3.1553,71.4310,121.2359,119.3722,112.1845,159.2224
Dec 1993,146.3,13.843055000000,3.1077,69.6727,121.6668,120.0515,110.4921,160.4365
Jan 1994,146.3,13.950375000000,3.1075,68.3142,122.3130,122.1344,110.4850,161.6803
Feb 1994,146.7,14.022124000000,3.1115,68.8684,123.0042,121.3687,110.6272,162.5118
Mar 1994,147.1,14.094225000000,3.2841,73.2466,123.7200,120.5254,116.7639,163.3474
Apr 1994,147.2,14.163251000000,3.3536,74.6595,124.4548,120.8720,119.2349,164.1474
May 1994,147.5,14.231682000000,3.3120,74.1242,124.9429,120.1259,117.7558,164.9405
Jun 1994,147.9,14.302895000000,3.3607,75.5373,125.3053,119.3616,119.4873,165.7659
Jul 1994,148.4,14.366327000000,3.4009,77.6318,125.6369,117.3213,120.9166,166.5010
Aug 1994,149,14.433287000000,3.3821,77.0657,126.3305,117.6303,120.2482,167.2771
Sep 1994,149.3,14.535937000000,3.3998,77.8151,127.0338,116.9276,120.8775,168.4667
Oct 1994,149.4,14.612245000000,3.4158,78.7498,127.5784,115.9723,121.4464,169.3511
Nov 1994,149.8,14.690361000000,3.4426,78.6637,127.8408,116.6273,122.3992,170.2565
Dec 1994,150.1,14.819204000000,3.9308,88.0884,128.1472,118.1673,139.7569,171.7497
Jan 1995,150.5,15.376991000000,5.5133,120.6125,128.9787,117.4132,196.0215,178.2143
Feb 1995,150.9,16.028707000000,5.6854,120.7500,129.7417,116.7094,202.1404,185.7675
Mar 1995,151.2,16.973617000000,6.7019,138.4297,130.4495,113.9430,238.2814,196.7187
Apr 1995,151.8,18.326133000000,6.2996,123.5495,131.2623,111.8387,223.9779,212.3939
May 1995,152.1,19.092090000000,5.9627,112.2471,131.9666,112.4423,211.9996,221.2711
Jun 1995,152.4,19.698024000000,6.2232,114.1509,132.2274,112.0687,221.2615,228.2936
Jul 1995,152.6,20.099588000000,6.1394,110.2455,132.2212,112.1838,218.2821,232.9476
Aug 1995,152.9,20.432981000000,6.1909,107.2578,132.6977,114.7910,220.1131,236.8116
Sep 1995,153.1,20.855643000000,6.3025,105.9845,133.4134,116.4924,224.0810,241.7101
Oct 1995,153.5,21.284762000000,6.6911,111.2667,133.7027,115.6791,237.8974,246.6834
Nov 1995,153.7,21.809608000000,7.6584,124.2378,133.9205,115.9137,272.2891,252.7662
Dec 1995,153.9,22.520167000000,7.6597,119.7625,134.2302,116.7403,272.3353,261.0014
Jan 1996,154.7,23.329754000000,7.5048,112.6440,134.9447,118.0125,266.8279,270.3842
Feb 1996,155,23.874262000000,7.5042,110.3057,135.5340,118.2704,266.8066,276.6949
Mar 1996,155.5,24.399826000000,7.5736,109.4024,136.2780,118.4038,269.2741,282.7860
Apr 1996,156.1,25.093450000000,7.4713,104.7595,137.1815,119.3958,265.6369,290.8249
May 1996,156.4,25.550842000000,7.4345,102.2257,137.6421,119.9745,264.3285,296.1259
Jun 1996,156.7,25.966902000000,7.5425,101.9089,137.7429,120.2274,268.1683,300.9479
Jul 1996,157,26.336031000000,7.6229,102.0040,137.9031,119.8333,271.0269,305.2260
Aug 1996,157.2,26.686072000000,7.5141,99.9454,138.2287,119.2557,267.1586,309.2828
Sep 1996,157.7,27.112751000000,7.5447,98.5335,138.8256,120.0619,268.2465,314.2279
Oct 1996,158.2,27.451168000000,7.6851,98.8130,139.2752,120.8369,273.2384,318.1500
Nov 1996,158.7,27.867083000000,7.9189,100.9528,139.4869,120.2375,281.5510,322.9704
Dec 1996,159.1,28.759336000000,7.8767,96.4707,139.8365,121.5744,280.0506,333.3113
Jan 1997,159.4,29.498886000000,7.8299,92.2802,140.3911,123.6610,278.3866,341.8824
Feb 1997,159.7,29.994598000000,7.7926,88.4842,140.8309,126.6260,277.0605,347.6276
Mar 1997,159.8,30.367889000000,7.9628,89.0033,141.2720,127.4536,283.1118,351.9539
Apr 1997,159.9,30.695972000000,7.9037,87.4502,142.1705,128.1885,281.0105,355.7563
May 1997,159.9,30.976119000000,7.9057,87.7243,142.4755,126.9360,281.0816,359.0031
Jun 1997,160.2,31.250957000000,7.9465,87.6987,142.6731,126.6814,282.5323,362.1884
Jul 1997,160.4,31.523211000000,7.8857,85.2859,142.8218,128.2856,280.3706,365.3437
Aug 1997,160.8,31.803502000000,7.7843,82.3144,143.2980,130.4849,276.7654,368.5922
Sep 1997,161.2,32.199613000000,7.7792,81.8914,143.8775,129.9840,276.5840,373.1830
Oct 1997,161.5,32.456941000000,7.8114,82.2040,144.2412,129.3210,277.7289,376.1653
Nov 1997,161.7,32.820042000000,8.2837,85.9870,144.2759,129.6873,294.5212,380.3735
Dec 1997,161.8,33.279875000000,8.1360,81.6067,144.5183,132.5798,289.2698,385.7028
Jan 1998,162,34.003924000000,8.1798,79.5093,144.9717,134.3168,290.8342,394.0943
Feb 1998,162,34.599238000000,8.4932,81.8795,145.4299,133.5164,301.9627,400.9938
Mar 1998,162,35.004533000000,8.5689,81.6267,145.8451,133.9403,304.6648,405.6911
Apr 1998,162.2,35.332042000000,8.4996,80.4115,146.4113,134.1336,302.2116,409.4868
May 1998,162.6,35.613481000000,8.5612,80.6206,146.7935,134.0393,304.3804,412.7486
Jun 1998,162.8,36.034420000000,8.8948,81.8666,146.8754,135.6164,316.2555,417.6271
Jul 1998,163.2,36.381878000000,8.9040,81.0041,146.9421,135.9535,316.5755,421.6541
Aug 1998,163.4,36.731632000000,9.2596,83.0837,147.1348,136.7108,329.2186,425.7076
Sep 1998,163.5,37.327376000000,10.2154,93.0844,147.6831,132.9637,363.2014,432.6121
Oct 1998,163.9,37.862269000000,10.1523,94.1694,148.2161,129.2394,360.9572,438.8113
Nov 1998,164.1,38.532786000000,9.9874,90.4202,148.3521,130.2271,355.0968,446.5824
Dec 1998,164.4,39.472974000000,9.9117,88.1610,148.3956,129.4327,352.4022,457.4788
Jan 1999,164.7,40.469770000000,10.1104,87.8422,148.5159,129.3476,359.4700,469.0314
Feb 1999,164.7,41.013643000000,10.0150,84.4812,148.6921,131.6138,356.0774,475.3347
Mar 1999,164.8,41.394684000000,9.7694,80.6516,149.2090,133.7076,347.3424,479.7508
Apr 1999,165.9,41.774577000000,9.4461,77.3513,150.1712,134.4345,335.8491,484.1537
May 1999,166,42.025877000000,9.3623,75.8972,150.3491,135.1425,332.8715,487.0662
Jun 1999,166,42.302006000000,9.5418,76.3155,150.3661,136.0999,339.2503,490.2664
Jul 1999,166.7,42.581580000000,9.3671,74.3559,150.4405,136.2963,333.0403,493.5066
Aug 1999,167.1,42.821255000000,9.3981,75.6232,150.8393,134.0576,334.1418,496.2843
Sep 1999,167.8,43.235018000000,9.3403,75.1486,151.4790,133.3545,332.0864,501.0797
Oct 1999,168.1,43.508851000000,9.5403,77.1639,151.8834,132.1696,339.1987,504.2533
Nov 1999,168.4,43.895776000000,9.4205,74.7423,151.9217,133.5844,334.9386,508.7377
Dec 1999,168.8,44.335516000000,9.4151,73.7840,152.1970,134.1430,334.7477,513.8341
Jan 2000,169.3,44.930830000000,9.4793,73.3167,152.5354,134.4160,337.0298,520.7336
Feb 2000,170,45.329380000000,9.4456,71.3904,153.0626,136.8140,335.8316,525.3527
Mar 2000,171,45.580681000000,9.2959,69.9754,153.8138,137.2815,330.5091,528.2652
Apr 2000,170.9,45.840018000000,9.3748,69.9850,154.0867,137.8886,333.3144,531.2708
May 2000,171.2,46.011379000000,9.5081,69.2610,154.3337,141.0107,338.0538,533.2568
Jun 2000,172.2,46.283920000000,9.7978,72.4254,154.8162,138.5718,348.3538,536.4155
Jul 2000,172.7,46.464466000000,9.4688,69.3360,154.9206,139.4361,336.6565,538.5079
Aug 2000,172.7,46.719785000000,9.2846,66.7662,155.1440,141.4137,330.1074,541.4670
Sep 2000,173.6,47.061072000000,9.3319,66.0865,155.8751,143.2265,331.7891,545.4224
Oct 2000,173.9,47.385136000000,9.5182,66.3811,156.1239,144.6735,338.4129,549.1782
Nov 2000,174.2,47.790288000000,9.5179,65.7248,156.3322,145.0680,338.4022,553.8738
Dec 2000,174.6,48.307671000000,9.4439,65.1794,156.5707,143.8092,335.7712,559.8701
Jan 2001,175.6,48.575476000000,9.7701,67.8552,156.9251,142.4434,347.3690,562.9739
Feb 2001,176,48.543328000000,9.7027,67.1771,157.3574,143.3771,344.9726,562.6013
Mar 2001,176.1,48.850888000000,9.6182,65.3929,157.8205,145.5142,341.9683,566.1658
Apr 2001,176.4,49.097309000000,9.3508,62.8012,158.6867,147.3718,332.4611,569.0217
May 2001,177.3,49.209970000000,9.1467,61.3574,159.3757,147.8487,325.2044,570.3274
Jun 2001,177.7,49.326364000000,9.0957,60.3578,159.5274,149.2486,323.3912,571.6764
Jul 2001,177.4,49.198202000000,9.1560,60.7606,159.3350,149.4504,325.5351,570.1910
Aug 2001,177.4,49.489688000000,9.1272,61.4164,159.5843,146.7506,324.5111,573.5693
Sep 2001,178.1,49.950381000000,9.3841,63.1392,160.0293,145.8161,333.6450,578.9086
Oct 2001,177.6,50.176135000000,9.3685,62.3133,159.9527,146.7692,333.0904,581.5250
Nov 2001,177.5,50.365149000000,9.2223,60.5812,159.7940,147.9051,327.8923,583.7156
Dec 2001,177.4,50.434899000000,9.1672,59.8519,159.9154,148.7198,325.9333,584.5240
Jan 2002,177.7,50.900472000000,9.1614,58.6604,160.3119,150.6300,325.7271,589.9198
Feb 2002,178,50.867750000000,9.1062,57.9653,160.7242,152.0054,323.7645,589.5406
Mar 2002,178.5,51.127948000000,9.0809,55.5649,161.4990,158.0850,322.8650,592.5562
Apr 2002,179.3,51.407235000000,9.1317,56.0843,162.3725,157.4887,324.6711,595.7930
May 2002,179.5,51.511429000000,9.4899,59.3188,162.7990,154.8348,337.4067,597.0006
Jun 2002,179.6,51.762586000000,9.7378,61.6367,162.9559,152.3092,346.2206,599.9114
Jul 2002,180,51.911181000000,9.7978,63.1505,163.0130,149.1984,348.3538,601.6336
Aug 2002,180.5,52.108560000000,9.8258,62.8038,163.5004,150.3290,349.3494,603.9211
Sep 2002,180.8,52.421984000000,10.0425,63.9382,163.9816,150.4577,357.0540,607.5536
Oct 2002,181.2,52.653036000000,10.0961,63.7873,164.2320,151.1836,358.9597,610.2314
Nov 2002,181.5,53.078877000000,10.2032,64.4905,164.4196,150.0803,362.7675,615.1668
Dec 2002,181.8,53.309930000000,10.1982,64.9237,164.6469,148.5652,362.5898,617.8446
Jan 2003,182.6,53.525441000000,10.5762,68.5776,165.1212,145.6939,376.0293,620.3423
Feb 2003,183.6,53.674122000000,10.9216,71.2386,165.9491,145.1549,388.3097,622.0655
Mar 2003,183.9,54.012930000000,10.9427,71.2197,166.6950,145.2113,389.0599,625.9922
Apr 2003,183.2,54.105144000000,10.6324,69.1805,166.8561,145.1450,378.0274,627.0609
May 2003,182.9,53.930560000000,10.2506,68.8524,166.8865,141.0806,364.4528,625.0375
Jun 2003,183.1,53.975112000000,10.4953,70.6987,166.9783,140.6373,373.1530,625.5539
Jul 2003,183.7,54.053339000000,10.4434,69.5314,166.9953,142.0999,371.3077,626.4605
Aug 2003,184.5,54.215490000000,10.7327,70.8244,167.4476,143.3285,381.5935,628.3398
Sep 2003,185.1,54.538238000000,10.9255,72.5370,167.9340,142.0268,388.4484,632.0803
Oct 2003,184.9,54.738207000000,11.1704,75.7939,168.0980,138.5982,397.1557,634.3979
Nov 2003,185,55.192542000000,11.1145,74.8285,168.0352,138.4822,395.1682,639.6635
Dec 2003,185.5,55.429811000000,11.2629,77.1563,168.3501,135.7688,400.4444,642.4134
Jan 2004,186.3,55.774317000000,10.9308,75.4644,168.6660,134.1388,388.6368,646.4061
Feb 2004,186.7,56.107945000000,11.0128,75.8635,169.1896,134.0495,391.5523,650.2727
Mar 2004,187.1,56.298071000000,10.9984,74.8333,169.9785,135.8896,391.0403,652.4762
Apr 2004,187.4,56.383032000000,11.2535,76.2808,170.5907,136.6881,400.1102,653.4609
May 2004,188.2,56.241603000000,11.5119,77.7161,171.2913,138.1543,409.2974,651.8218
Jun 2004,188.9,56.331745000000,11.3790,77.6204,171.6204,136.7714,404.5723,652.8665
Jul 2004,189.1,56.479390000000,11.4735,78.3796,171.5346,136.1462,407.9322,654.5776
Aug 2004,189.2,56.828041000000,11.3957,77.1329,171.8588,136.8237,405.1660,658.6184
Sep 2004,189.8,57.297917000000,11.4858,77.4044,172.2541,136.6084,408.3695,664.0641
Oct 2004,190.8,57.694747000000,11.3864,77.3682,173.0247,135.1596,404.8354,668.6632
Nov 2004,191.7,58.186899000000,11.3938,78.5995,173.0750,132.0411,405.0985,674.3671
Dec 2004,191.7,58.307088000000,11.2100,78.2486,173.0126,130.1776,398.5636,675.7600
Jan 2005,191.6,58.309160000000,11.2556,78.1923,172.9950,130.7834,400.1849,675.7841
Feb 2005,192.4,58.503431000000,11.1502,76.9929,173.6690,131.6510,396.4375,678.0356
Mar 2005,193.1,58.767121000000,11.1326,77.3508,174.6474,130.9815,395.8117,681.0917
Apr 2005,193.7,58.976415000000,11.1262,76.5199,175.4540,132.4672,395.5842,683.5173
May 2005,193.6,58.828251000000,10.9920,75.2872,175.5597,133.4275,390.8128,681.8002
Jun 2005,193.7,58.771783000000,10.8340,72.9589,175.5122,135.8002,385.1952,681.1457
Jul 2005,194.9,59.001800000000,10.6931,71.1490,175.9003,137.2106,380.1856,683.8115
Aug 2005,196.1,59.072255000000,10.6703,71.9238,176.4639,135.7149,379.3750,684.6281
Sep 2005,198.8,59.309006000000,10.7791,72.7939,177.5725,135.7668,383.2433,687.3720
Oct 2005,199.1,59.454580000000,10.8312,72.0896,177.9481,137.7093,385.0956,689.0591
Nov 2005,198.1,59.882493000000,10.6903,69.5325,177.4282,139.5006,380.0860,694.0185
Dec 2005,198.1,60.250312000000,10.6201,68.9022,177.5167,139.0678,377.5901,698.2814
Jan 2006,199.3,60.603626000000,10.5679,69.2670,178.0250,137.2449,375.7342,702.3762
Feb 2006,199.4,60.696358000000,10.4813,68.1940,178.3846,138.3296,372.6552,703.4509
Mar 2006,199.7,60.772512000000,10.7061,69.9910,179.0859,138.0366,380.6478,704.3335
Apr 2006,200.7,60.861617000000,11.0206,73.0023,180.1573,136.8448,391.8296,705.3662
May 2006,201.3,60.590675000000,11.0758,75.7577,180.8642,133.6429,393.7922,702.2261
Jun 2006,201.8,60.642998000000,11.3864,77.1863,181.2214,134.9977,404.8354,702.8325
Jul 2006,202.9,60.809294000000,11.0268,74.5359,181.4222,135.1624,392.0501,704.7598
Aug 2006,203.8,61.119609000000,10.8739,73.7198,181.9761,134.4888,386.6138,708.3562
Sep 2006,202.8,61.736612000000,10.9722,73.2990,181.9035,135.0657,390.1088,715.5071
Oct 2006,201.9,62.006519000000,10.9201,72.1580,181.7305,135.8262,388.2564,718.6352
Nov 2006,202,62.331857000000,10.8948,72.3953,181.7076,134.3455,387.3569,722.4058
Dec 2006,203.1,62.692424000000,10.8650,72.7836,182.2870,132.9193,386.2974,726.5847
Jan 2007,203.437,63.016208000000,10.9344,72.1390,182.4491,134.3894,388.7648,730.3372
Feb 2007,204.226,63.192347000000,10.9880,72.7045,183.0544,134.0677,390.6706,732.3786
Mar 2007,205.288,63.329113000000,11.1250,74.4622,184.0886,132.9960,395.5415,733.9637
Apr 2007,205.904,63.291295000000,10.9924,74.6272,185.0957,131.9164,390.8270,733.5254
May 2007,206.755,62.982534000000,10.8301,74.1507,185.8140,131.9551,385.0565,729.9469
Jun 2007,207.234,63.058170000000,10.8338,73.9197,186.1269,132.4768,385.1881,730.8235
Jul 2007,207.603,63.326005000000,10.7963,74.2397,186.2736,130.9962,383.8548,733.9277
Aug 2007,207.667,63.583996000000,11.0363,75.8685,186.6018,130.7318,392.3878,736.9177
Sep 2007,208.547,64.077703000000,11.0450,76.2822,187.2020,129.5379,392.6971,742.6396
Oct 2007,209.19,64.327405000000,10.8418,75.6750,187.9241,128.1701,385.4725,745.5336
Nov 2007,210.834,64.781221000000,10.8658,77.0430,188.8508,125.9068,386.3258,750.7931
Dec 2007,211.445,65.049056000000,10.8494,76.3810,189.4933,126.7140,385.7427,753.8972
Jan 2008,212.174,65.350564000000,10.9171,77.3896,190.0129,125.6057,388.1498,757.3916
Feb 2008,212.687,65.544834000000,10.7794,76.6229,190.8283,125.4271,383.2539,759.6432
Mar 2008,213.448,66.019891000000,10.7346,78.4865,192.3387,122.0208,381.6611,765.1489
Apr 2008,213.942,66.170127000000,10.5295,77.3335,193.3995,121.8667,374.3689,766.8901
May 2008,215.208,66.098635000000,10.4542,76.5854,194.9481,123.2884,371.6917,766.0615
Jun 2008,217.463,66.372168000000,10.3305,75.4636,196.3682,124.0281,367.2936,769.2317
Jul 2008,219.016,66.742059000000,10.2390,75.1218,197.2755,123.3719,364.0404,773.5186
Aug 2008,218.69,67.127492000000,10.0906,71.9181,197.5782,126.4644,358.7641,777.9856
Sep 2008,218.877,67.584935000000,10.5744,73.5830,197.9007,128.8627,375.9653,783.2873
Oct 2008,216.995,68.045486000000,12.4738,83.4572,197.4316,132.8016,443.4971,788.6249
Nov 2008,213.153,68.818942000000,13.0609,84.0919,195.8468,135.3563,464.3710,797.5890
Dec 2008,211.398,69.295552000000,13.3726,87.3242,195.0308,131.9867,475.4533,803.1127
Jan 2009,211.933,69.456149000000,13.8492,89.2199,194.9241,133.4040,492.3985,804.9740
Feb 2009,212.705,69.609494000000,14.5180,91.9823,195.5034,135.7499,516.1772,806.7512
Mar 2009,212.495,70.009950000000,14.7393,92.2631,195.9333,136.9141,524.0454,811.3924
Apr 2009,212.709,70.254990000000,13.4890,85.1528,196.4554,135.6496,479.5918,814.2323
May 2009,213.022,70.050358000000,13.2167,85.7350,196.8075,132.6318,469.9104,811.8607
Jun 2009,214.79,70.179354000000,13.3439,87.8258,197.5630,130.9809,474.4329,813.3557
Jul 2009,214.726,70.370516000000,13.3619,88.0485,197.4119,130.3707,475.0729,815.5712
Aug 2009,215.445,70.538884000000,13.0015,86.3059,198.0552,129.5274,462.2591,817.5226
Sep 2009,215.861,70.892716000000,13.3987,89.6782,198.1710,127.8985,476.3813,821.6234
Oct 2009,216.509,71.107191000000,13.2626,89.4284,198.3301,126.6717,471.5423,824.1090
Nov 2009,217.234,71.476046000000,13.1305,88.6404,198.5770,126.0285,466.8456,828.3840
Dec 2009,217.347,71.771855000000,12.8504,85.7394,198.7937,127.1264,456.8869,831.8123
Jan 2010,217.488,72.552046000000,12.8070,83.8880,199.0651,128.2757,455.3438,840.8544
Feb 2010,217.281,72.971671000000,12.9624,83.3782,199.5105,130.1654,460.8689,845.7178
Mar 2010,217.353,73.489725000000,12.6138,80.7320,200.3495,130.4407,448.4747,851.7218
Apr 2010,217.403,73.255565000000,12.2420,78.3195,200.9457,131.3021,435.2556,849.0080
May 2010,217.29,72.793978000000,12.6826,79.7502,201.1396,134.5644,450.9209,843.6584
Jun 2010,217.199,72.771183000000,12.7234,79.3288,201.1304,135.7506,452.3715,843.3942
Jul 2010,217.605,72.929190000000,12.8341,81.7357,201.1507,132.6248,456.3073,845.2254
Aug 2010,217.923,73.131750000000,12.7261,81.8421,201.6186,131.2787,452.4675,847.5730
Sep 2010,218.275,73.515110000000,12.8610,83.0180,201.9776,130.3407,457.2637,852.0160
Oct 2010,219.035,73.968926000000,12.4535,82.3824,202.6374,126.8173,442.7754,857.2756
Nov 2010,219.59,74.561581000000,12.3251,80.4410,202.8480,127.6497,438.2102,864.1443
Dec 2010,220.472,74.930954000000,12.4011,79.7396,203.4924,129.3374,440.9123,868.4252
Jan 2011,221.187,75.295991000000,12.1477,78.1736,204.1154,128.9997,431.9029,872.6559
Feb 2011,221.898,75.578460000000,12.0726,78.4310,205.0251,127.8713,429.2327,875.9296
Mar 2011,223.046,75.723451000000,12.0173,79.3093,206.5240,126.5534,427.2666,877.6100
Apr 2011,224.093,75.717441000000,11.7584,78.7315,207.5507,125.3658,418.0616,877.5403
May 2011,224.806,75.159264000000,11.6479,78.8634,208.1374,125.2538,414.1328,871.0712
Jun 2011,224.806,75.155508000000,11.7920,79.9494,208.1831,125.1146,419.2562,871.0277
Jul 2011,225.395,75.516107000000,11.6760,78.9464,208.3925,124.9842,415.1319,875.2069
Aug 2011,226.106,75.635555000000,12.1707,82.8404,208.9708,124.3037,432.7206,876.5913
Sep 2011,226.597,75.821113000000,12.9291,86.3457,209.5326,126.7186,459.6850,878.7419
Oct 2011,226.75,76.332712000000,13.4808,89.2605,209.8350,127.1378,479.3003,884.6711
Nov 2011,227.169,77.158333000000,13.6358,88.8015,209.8854,127.9119,484.8112,894.2398
Dec 2011,227.223,77.792385000000,13.7516,87.8387,210.0547,129.4534,488.9284,901.5883
Jan 2012,227.842,78.343049000000,13.5047,85.4912,210.5915,130.0335,480.1500,907.9703
Feb 2012,228.329,78.502314000000,12.8014,81.7803,211.6056,129.2126,455.1447,909.8161
Mar 2012,228.807,78.547389000000,12.7561,81.2651,213.0520,130.3823,453.5341,910.3385
Apr 2012,229.187,78.300980000000,13.0512,83.7768,213.8515,130.2936,464.0262,907.4827
May 2012,228.713,78.053819000000,13.5556,86.5311,213.8395,131.4290,481.9598,904.6182
Jun 2012,228.524,78.413667000000,13.9820,87.9361,213.5784,132.6229,497.1201,908.7887
Jul 2012,228.59,78.853897000000,13.3894,83.3475,213.5937,133.2555,476.0506,913.8908
Aug 2012,229.918,79.090540000000,13.1790,82.6166,214.6051,132.5506,468.5700,916.6334
Sep 2012,231.015,79.439119000000,12.9871,82.5505,215.4499,130.6638,461.7471,920.6734
Oct 2012,231.638,79.841036000000,12.8728,81.7499,216.0557,130.4898,457.6833,925.3315
Nov 2012,231.249,80.383437000000,13.0872,81.8074,215.9159,131.5901,465.3061,931.6177
Dec 2012,231.221,80.568243000000,12.8670,80.3960,216.1476,131.4863,457.4771,933.7595
Jan 2013,231.679,80.892782000000,12.7219,78.8936,216.4269,132.1183,452.3181,937.5208
Feb 2013,232.937,81.290943000000,12.7144,78.2873,217.7314,133.2093,452.0515,942.1354
Mar 2013,232.282,81.887433000000,12.5745,76.0178,218.6549,135.2598,447.0774,949.0485
Apr 2013,231.797,81.941523000000,12.2249,73.7574,218.9227,135.6055,434.6477,949.6754
May 2013,231.893,81.668820000000,12.2522,73.7810,219.4041,136.6184,435.6183,946.5149
Jun 2013,232.445,81.619238000000,12.9361,78.8224,219.9994,135.4670,459.9339,945.9402
Jul 2013,232.9,81.592193000000,12.7851,75.9784,220.3728,139.1793,454.5652,945.6268
Aug 2013,233.456,81.824328000000,12.8704,76.9394,220.9273,138.3124,457.5980,948.3172
Sep 2013,233.544,82.132340000000,13.0925,78.1364,221.4686,138.3625,465.4946,951.8869
Oct 2013,233.669,82.522988000000,13.0187,78.1671,221.5509,136.9283,462.8707,956.4144
Nov 2013,234.1,83.292265000000,13.0634,77.1027,221.5987,138.0385,464.4599,965.3301
Dec 2013,234.719,83.770058000000,13.0098,76.4084,221.9126,138.1256,462.5542,970.8675
Jan 2014,235.288,84.519052000000,13.1981,76.4017,221.9011,138.8879,469.2491,979.5481
Feb 2014,235.547,84.733157000000,13.2888,77.1392,222.6046,138.5933,472.4739,982.0295
Mar 2014,236.028,84.965292000000,13.2154,77.2258,223.6444,137.9384,469.8642,984.7199
Apr 2014,236.468,84.806779000000,13.0681,76.9691,224.9230,137.8956,464.6270,982.8828
May 2014,236.918,84.535579000000,12.9479,76.7432,225.4888,137.8148,460.3534,979.7397
Jun 2014,237.231,84.682072000000,12.9832,76.6592,225.9044,138.3573,461.6085,981.4375
Jul 2014,237.498,84.914959000000,12.9734,76.1710,226.1277,138.8945,461.2600,984.1366
Aug 2014,237.46,85.219965000000,13.1490,76.4733,226.3552,139.8566,467.5034,987.6715
Sep 2014,237.477,85.596340000000,13.2002,75.1019,226.7048,142.5563,469.3238,992.0335
Oct 2014,237.43,86.069626000000,13.4768,75.5157,226.6689,143.9271,479.1581,997.5188
Nov 2014,236.983,86.763778000000,13.5819,73.9532,226.1495,146.5924,482.8948,"1,005.5638"
Dec 2014,236.252,87.188984000000,14.4266,77.1919,225.8833,148.2743,512.9275,"1,010.4918"
Jan 2015,234.747,87.110103000000,14.6757,76.6985,225.0135,151.3573,521.7841,"1,009.5776"
Feb 2015,235.342,87.275377000000,14.9167,77.4020,225.8820,152.7431,530.3527,"1,011.4930"
Mar 2015,235.976,87.630717000000,15.2003,77.3370,227.0094,155.9205,540.4359,"1,015.6113"
Apr 2015,236.222,87.403840000000,15.2228,77.9047,227.7289,155.9084,541.2359,"1,012.9819"
May 2015,237.001,86.967366000000,15.2555,79.5981,228.5396,154.2340,542.3985,"1,007.9233"
Jun 2015,237.657,87.113108000000,15.4562,80.3200,228.9747,154.8938,549.5342,"1,009.6124"
Jul 2015,238.034,87.240820000000,15.8881,81.7426,228.9849,156.2291,564.8901,"1,011.0925"
Aug 2015,238.033,87.424875000000,16.4880,84.6845,229.1301,156.2652,586.2192,"1,013.2257"
Sep 2015,237.498,87.752419000000,16.8372,86.4067,229.1719,155.8389,598.6347,"1,017.0218"
Oct 2015,237.733,88.203919000000,16.6020,84.9973,229.4480,155.5975,590.2723,"1,022.2545"
Nov 2015,238.017,88.685468000000,16.6348,83.0718,229.3197,158.5638,591.4385,"1,027.8355"
Dec 2015,237.761,89.046818000000,17.0019,84.5713,229.2758,158.5132,604.4905,"1,032.0234"
Jan 2016,237.652,89.386381000000,17.9780,88.7892,228.9539,158.8214,639.1951,"1,035.9589"
Feb 2016,237.336,89.777781000000,18.4837,92.0757,229.4196,157.0930,657.1749,"1,040.4951"
Mar 2016,238.08,89.910001000000,17.7383,89.0279,230.4696,156.4021,630.6727,"1,042.0275"
Apr 2016,238.992,89.625278000000,17.4924,89.6384,231.3479,154.2558,621.9299,"1,038.7276"
May 2016,239.557,89.225615000000,18.0405,93.1803,232.3484,154.3923,641.4172,"1,034.0956"
Jun 2016,240.222,89.324028000000,18.6471,96.6281,233.0437,154.1801,662.9844,"1,035.2362"
Jul 2016,240.101,89.556914000000,18.5699,95.2467,233.0311,155.3551,660.2396,"1,037.9353"
Aug 2016,240.545,89.809333000000,18.4760,95.4642,233.3103,153.9681,656.9011,"1,040.8607"
Sep 2016,241.176,90.357744000000,19.1386,98.2717,233.7169,154.2615,680.4594,"1,047.2167"
Oct 2016,241.741,90.906154000000,18.9480,95.7207,234.4006,156.3054,673.6827,"1,053.5725"
Nov 2016,242.026,91.616834000000,19.9425,98.3146,234.3451,158.8888,709.0415,"1,061.8091"
Dec 2016,242.637,92.039035000000,20.5137,98.8256,234.8913,162.2260,729.3501,"1,066.7023"
Jan 2017,243.618,93.603882000000,21.3732,101.0212,233.6739,161.7427,759.9090,"1,084.8383"
Feb 2017,244.006,94.144780000000,20.3812,96.6507,234.3784,160.7671,724.6391,"1,091.1072"
Mar 2017,243.892,94.722489000000,19.4067,91.6738,234.8651,160.7397,689.9915,"1,097.8026"
Apr 2017,244.193,94.838933000000,18.7584,89.4330,235.7662,159.6775,666.9416,"1,099.1522"
May 2017,244.004,94.725494000000,18.7862,90.3878,235.8979,158.5030,667.9300,"1,097.8374"
Jun 2017,244.163,94.963640000000,18.1901,87.9741,235.9783,157.3425,646.7361,"1,100.5975"
Jul 2017,244.243,95.322736000000,17.8513,86.6852,236.1163,156.2088,634.6903,"1,104.7593"
Aug 2017,245.183,95.793768000000,17.8078,87.0854,236.8743,154.8448,633.1437,"1,110.2184"
Sep 2017,246.435,96.093515000000,17.7991,87.4168,237.6924,154.2323,632.8344,"1,113.6924"
Oct 2017,246.626,96.698269000000,18.7247,90.5708,238.0747,155.8736,665.7434,"1,120.7013"
Nov 2017,247.284,97.695174000000,18.9770,91.0046,238.5255,155.9111,674.7138,"1,132.2551"
Dec 2017,247.805,98.272883000000,19.0625,91.4712,239.2222,155.3511,677.7537,"1,138.9505"
Jan 2018,248.859,98.794999699501,19.0025,91.5467,239.8305,154.3080,675.6204,"1,145.0017"
Feb 2018,249.529,99.171374481640,18.6282,89.4094,240.7328,154.8773,662.3125,"1,149.3637"
Mar 2018,249.577,99.492156980588,18.6839,89.3422,241.4265,155.4026,664.2928,"1,153.0815"
Apr 2018,250.227,99.154847046097,18.3464,87.9181,242.4477,156.2529,652.2933,"1,149.1722"
May 2018,250.792,98.994080173087,19.4894,92.0327,243.8553,159.7462,692.9318,"1,147.3090"
Jun 2018,251.018,99.376464931787,20.3105,95.0569,244.7372,161.1405,722.1254,"1,151.7407"
Jul 2018,251.214,99.909099104514,19.1171,88.8716,245.6555,161.9689,679.6949,"1,157.9137"
Aug 2018,251.663,100.492000000000,18.8089,86.6928,246.9961,163.3015,668.7371,"1,164.6694"
Sep 2018,252.182,100.917000000000,19.0539,87.7291,248.2348,163.6023,677.4479,"1,169.5950"
Oct 2018,252.772,101.440000000000,19.0638,87.4495,250.6368,164.9448,677.7999,"1,175.6564"
Nov 2018,252.594,102.303000000000,20.2500,91.6942,250.7486,165.7617,719.9744,"1,185.6583"
Dec 2018,252.767,103.020000000000,20.1775,90.7484,250.9213,165.8424,717.3967,"1,193.9681"
Jan 2019,252.561,103.108000000000,19.2154,87.1164,251.4135,164.7011,683.1899,"1,194.9879"
Feb 2019,253.319,103.079000000000,19.1902,87.1520,252.8510,165.4046,682.2940,"1,194.6518"
Mar 2019,254.277,103.476000000000,19.2339,87.1696,254.3151,166.0680,683.8477,"1,199.2529"
Apr 2019,255.233,103.531000000000,19.0231,86.3446,256.0227,166.8420,676.3528,"1,199.8904"
May 2019,255.296,103.233000000000,19.0883,86.8626,256.7950,167.3993,678.6710,"1,196.4367"
Jun 2019,255.213,103.299000000000,19.2912,88.3037,257.0871,166.5005,685.8849,"1,197.2016"
Jul 2019,255.802,103.687000000000,19.0669,86.9565,257.7548,166.9212,677.9101,"1,201.6984"
Aug 2019,256.036,103.670000000000,19.5896,88.9667,258.2678,167.9835,696.4943,"1,201.5013"
Sep 2019,256.43,103.942000000000,19.6242,88.5330,258.7340,168.9663,697.7245,"1,204.6537"
Oct 2019,257.155,104.503000000000,19.3701,87.5697,260.5468,168.8831,688.6902,"1,211.1555"
Nov 2019,257.879,105.346000000000,19.2931,86.5620,260.7942,168.9685,685.9525,"1,220.9256"
Dec 2019,258.63,105.934000000000,19.1776,85.9681,261.5637,168.6747,681.8460,"1,227.7404"
Jan 2020,259.127,106.447000000000,18.8060,83.9366,261.9599,168.8486,668.6340,"1,233.6859"
Feb 2020,259.25,106.889000000000,18.7664,82.7658,262.5569,170.5578,667.2261,"1,238.8085"
Mar 2020,258.076,106.838000000000,21.9690,96.9212,262.6500,170.6452,781.0922,"1,238.2174"
Apr 2020,256.032,105.755000000000,24.2579,106.8754,262.4750,172.5097,862.4724,"1,225.6658"
May 2020,255.802,106.162000000000,23.6004,103.8809,262.8666,172.2666,839.0955,"1,230.3828"
Jun 2020,257.042,106.743000000000,22.2153,98.7463,264.0230,170.4060,789.8493,"1,237.1164"
Jul 2020,258.352,107.444000000000,22.4836,100.3971,265.1265,169.2258,799.3885,"1,245.2408"
Aug 2020,259.316,107.867000000000,22.2370,100.4312,265.9411,167.1689,790.6208,"1,250.1432"
Sep 2020,259.997,108.114000000000,21.6450,97.5292,266.4340,167.4873,769.5726,"1,253.0058"
Oct 2020,260.319,108.774000000000,21.3558,96.3274,268.4666,167.5646,759.2903,"1,260.6550"
Nov 2020,260.911,108.856000000000,20.5088,92.9988,268.9498,166.8526,729.1759,"1,261.6054"
Dec 2020,262.045,109.271000000000,19.9821,91.5707,269.8022,164.9970,710.4494,"1,266.4151"
Jan 2021,262.687,110.210000000000,19.8889,90.8186,270.8417,164.8092,707.1357,"1,277.2978"
Feb 2021,263.579,110.907000000000,20.2415,91.9149,272.6181,165.7691,719.6722,"1,285.3758"
Mar 2021,264.961,111.824000000000,20.7895,92.8761,274.1832,168.0726,739.1559,"1,296.0035"
Apr 2021,266.614,112.190000000000,20.0534,89.7325,275.5467,168.0855,712.9844,"1,300.2453"
May 2021,268.383,112.419000000000,19.9829,90.2028,277.0354,167.1804,710.4779,"1,302.8994"
Jun 2021,270.654,113.018000000000,20.0366,89.9429,278.5805,168.1557,712.3871,"1,309.8416"
Jul 2021,271.903,113.682000000000,19.9715,88.6282,279.9328,169.9229,710.0725,"1,317.5371"
Aug 2021,272.676,113.899000000000,20.0529,88.9434,280.9663,170.3134,712.9667,"1,320.0521"
Sep 2021,273.91,114.601000000000,20.0078,88.3824,282.0836,170.6374,711.3632,"1,328.1880"
Oct 2021,276.55,115.561000000000,20.4723,89.7532,285.1557,172.3608,727.8781,"1,339.3141"
Nov 2021,278.919,116.884000000000,20.7843,89.6993,286.6761,174.0339,738.9711,"1,354.6473"
Dec 2021,280.845,117.308000000000,20.9873,89.9288,287.8836,175.3872,746.1886,"1,359.5613"
Jan 2022,282.543,118.002000000000,20.4734,87.6334,289.7286,175.6602,727.9172,"1,367.6045"
Feb 2022,284.5,118.981000000000,20.4823,87.5544,292.2054,175.9392,728.2337,"1,378.9508"
Mar 2022,287.674,120.159000000000,20.6061,86.8147,296.0277,179.0728,732.6353,"1,392.6034"
Apr 2022,288.561,120.809000000000,20.0475,83.1207,298.3784,182.4190,712.7747,"1,400.1367"
May 2022,291.298,121.022000000000,20.1101,82.4812,301.0729,185.7452,715.0004,"1,402.6053"
Jun 2022,294.957,122.044000000000,19.9743,81.4277,304.5366,187.4450,710.1721,"1,414.4500"
Jul 2022,294.913,122.948000000000,20.5254,81.8054,306.0285,191.2498,729.7661,"1,424.9270"
Aug 2022,295.097,123.803000000000,20.1420,79.9513,307.2258,191.4497,716.1345,"1,434.8362"
Sep 2022,296.349,124.571000000000,20.0730,77.7046,309.0274,196.2440,713.6813,"1,443.7371"
Oct 2022,298.007,125.276000000000,20.0146,77.1102,312.9592,198.5666,711.6049,"1,451.9078"
Nov 2022,298.786,125.997000000000,19.4970,76.2314,313.6572,194.9754,693.2020,"1,460.2640"
Dec 2022,298.832,126.478000000000,19.5825,78.1106,314.1187,190.6724,696.2419,"1,465.8386"
Jan 2023,300.42,127.336000000000,19.0436,76.8411,316.4323,188.5976,677.0817,"1,475.7825"
Feb 2023,301.45,128.046000000000,18.6418,74.6750,318.3785,190.0822,662.7960,"1,484.0112"
Mar 2023,301.821,128.389000000000,18.4030,73.6433,320.4135,190.9806,654.3056,"1,487.9865"
Apr 2023,302.845,128.363000000000,18.0891,73.5421,322.7190,189.3724,643.1451,"1,487.6851"
May 2023,303.334,128.084000000000,17.7680,71.9107,323.7040,191.2271,631.7287,"1,484.4516"
Jun 2023,304.014,128.214000000000,17.2930,69.6226,324.9047,192.7488,614.8404,"1,485.9583"
Jul 2023,304.609,128.832000000000,16.9447,68.6121,326.3503,191.5776,602.4568,"1,493.1207"
Aug 2023,306.082,129.545000000000,16.9660,67.7855,328.3317,194.2613,603.2141,"1,501.3841"
Sep 2023,307.276,130.120000000000,17.2426,67.8905,329.5053,196.9534,613.0484,"1,508.0482"
Oct 2023,307.696,130.609000000000,18.0338,70.6465,331.8204,198.5992,641.1790,"1,513.7155"
Nov 2023,308.148,131.445000000000,17.4537,68.4591,331.8073,197.0831,620.5539,"1,523.4045"
Dec 2023,308.741,132.373000000000,17.2253,67.6555,332.7606,195.9961,612.4333,"1,534.1597"
Jan 2024,309.698,133.555000000000,17.0626,66.3803,334.2327,196.9908,606.6487,"1,547.8587"
Feb 2024,310.967,133.681000000000,17.0996,66.2663,336.2712,198.7761,607.9642,"1,549.3190"
Mar 2024,312.345,134.065000000000,16.8445,65.4354,338.2159,198.8726,598.8943,"1,553.7694"
Apr 2024,313.023,134.336000000000,16.7691,64.5974,340.0148,201.2107,596.2135,"1,556.9102"
May 2024,313.175,134.087000000000,16.8011,64.9942,341.1195,201.3883,597.3512,"1,554.0244"
Jun 2024,313.044,134.594000000000,18.0839,69.5783,341.9178,202.1925,642.9603,"1,559.9004"
Jul 2024,313.569,136.003000000000,18.0786,69.1775,343.0903,201.8883,642.7718,"1,576.2302"
Aug 2024,314.062,136.013000000000,19.0568,74.3518,344.0024,198.5139,677.5510,"1,576.3461"
Sep 2024,314.732,136.080000000000,19.6395,77.1380,343.9873,197.0886,698.2685,"1,577.1226"
Oct 2024,315.631,136.828000000000,19.6659,76.2459,346.7690,200.1767,699.2071,"1,585.7917"
Nov 2024,316.528,137.424000000000,20.3185,77.2333,347.3275,203.6174,722.4099,"1,592.6991"
Dec 2024,317.604,137.949000000000,20.2382,76.4066,348.1799,204.7281,719.5549,"1,598.7837"
Jan 2025,318.961,138.343000000000,20.5599,76.9225,350.0932,207.1310,730.9927,"1,603.3500"
Feb 2025,319.679,138.726000000000,20.4612,77.1605,351.4628,205.7353,727.4835,"1,607.7889"
Mar 2025,319.785,139.161000000000,20.2488,77.6275,352.8811,202.5561,719.9317,"1,612.8304"
Apr 2025,320.302,139.620000000000,20.1385,78.6780,354.6224,199.0873,716.0101,"1,618.1501"
May 2025,320.62,140.012000000000,19.4585,76.2286,355.4055,198.4273,691.8332,"1,622.6932"
Jun 2025,321.435,140.405000000000,19.0791,75.3542,356.5225,196.8819,678.3439,"1,627.2480"
Jul 2025,322.169,140.780000000000,18.6948,73.8998,357.7275,196.8521,664.6804,"1,631.5941"
Aug 2025,323.291,140.867000000000,18.7204,73.8474,358.7116,197.6819,665.5906,"1,632.6024"
Sep 2025,324.245,141.197000000000,18.5281,73.1751,359.2532,197.2849,658.7535,"1,636.4270"
,,,,,,,,
,,,,,,,,
,,,,,,,,
,,,,,,,,
